{"43.752504,24.888614":{"city":"Turnu Măgurele","mean":{"CO":[0,0],"NO2":[0.8536370149911817,9],"PM1":[0,0],"PM10":[0.6370425485008818,9],"PM2.5":[0,0],"SO2":[0.15289021164021163,9]}},"43.826752,28.581173":{"city":"Saturn","mean":{"CO":[0,0],"NO2":[0.5351157407407408,9],"PM1":[0,0],"PM10":[0.5096340388007055,9],"PM2.5":[0,0],"SO2":[0,0]}},"43.851367,25.964086":{"city":"Ruse","mean":{"CO":[0.012740850970017637,9],"NO2":[3.0323225308641977,9],"PM1":[0,0],"PM10":[2.038536155202822,9],"PM2.5":[4.841523368606702,9],"SO2":[0.5860791446208112,9]}},"43.905254,25.970757":{"city":"Giurgiu","mean":{"CO":[0,0],"NO2":[1.223121693121693,9],"PM1":[0,0],"PM10":[3.440029761904762,9],"PM2.5":[0,0],"SO2":[0,0]}},"43.968538,25.330168":{"city":"Alexandria","mean":{"CO":[0,0],"NO2":[0.7517102072310407,9],"PM1":[0,0],"PM10":[1.019268077601411,9],"PM2.5":[0,0],"SO2":[0.140149360670194,9]}},"44.149731,28.623991":{"city":"Constanța","mean":{"CO":[0,0],"NO2":[0.2293353174603175,9],"PM1":[0,0],"PM10":[2.6755787037037035,9],"PM2.5":[0,0],"SO2":[0.33126212522045856,9]}},"44.173929,28.636342":{"city":"Constanța","mean":{"CO":[0,0],"NO2":[1.223121693121693,9],"PM1":[0,0],"PM10":[1.40149360670194,9],"PM2.5":[0,0],"SO2":[0,0]}},"44.198888,27.324898":{"city":"Călărași","mean":{"CO":[0,0],"NO2":[0.8536370149911817,9],"PM1":[0,0],"PM10":[1.019268077601411,9],"PM2.5":[0,0],"SO2":[0.3440029761904762,9]}},"44.245416,28.270902":{"city":"Medgidia","mean":{"CO":[0,0],"NO2":[1.1466765873015872,9],"PM1":[0,0],"PM10":[1.2740850970017636,9],"PM2.5":[0,0],"SO2":[0.3822255291005291,9]}},"44.321111,28.613333":{"city":"Năvodari","mean":{"CO":[0,0],"NO2":[0.6625242504409171,9],"PM1":[0,0],"PM10":[1.6563106261022926,9],"PM2.5":[0,0],"SO2":[0.3822255291005291,9]}},"44.380300,26.106784":{"city":"Bucharest","mean":{"CO":[0,0],"NO2":[0,0],"PM1":[0.703677199074074,9],"PM10":[0.9819373842592591,9],"PM2.5":[0.8615363425925925,9],"SO2":[0,0]}},"44.393290,26.123540":{"city":"Bucharest","mean":{"CO":[59.36907102607571,9],"NO2":[46.86796411300811,9],"PM1":[0,0],"PM10":[0,0],"PM2.5":[0,0],"SO2":[1.6692338623539462,9]}},"44.393881,26.041322":{"city":"Bucharest","mean":{"CO":[0,0],"NO2":[0,0],"PM1":[1.0744784318048164,9],"PM10":[1.8198182135508096,9],"PM2.5":[1.611717647707231,9],"SO2":[0,0]}},"44.407181,26.205592":{"city":"Bucharest","mean":{"CO":[0,0],"NO2":[0,0],"PM1":[1.799423481693974,18],"PM10":[5.1691397041603375,18],"PM2.5":[2.931379152877242,18],"SO2":[0,0]}},"44.412380,26.117940":{"city":"Bucharest","mean":{"CO":[55.245712067288636,9],"NO2":[0,0],"PM1":[0.4459297839506173,9],"PM10":[0.6370425485008818,9],"PM2.5":[0.6370425485008818,9],"SO2":[7.845399153063547,9]}},"44.412611,26.021333":{"city":"Bucharest","mean":{"CO":[0,0],"NO2":[0,0],"PM1":[0.6391660236625557,9],"PM10":[0.9513168724279877,9],"PM2.5":[0.8663778659611993,9],"SO2":[0,0]}},"44.412638,26.147158":{"city":"Bucharest","mean":{"CO":[0,0],"NO2":[0,0],"PM1":[0.8642119212962963,9],"PM10":[1.2414685185185186,9],"PM2.5":[1.1545122106481482,9],"SO2":[0,0]}},"44.413960,26.077216":{"city":"Bucharest","mean":{"CO":[0,0],"NO2":[0,0],"PM1":[0.5123733217592592,9],"PM10":[0.6648813078703704,9],"PM2.5":[0.6020052083333334,9],"SO2":[0,0]}},"44.418554,26.161598":{"city":"Bucharest","mean":{"CO":[0,0],"NO2":[2.165944664902998,9],"PM1":[0,0],"PM10":[1.40149360670194,9],"PM2.5":[0,0],"SO2":[0.33126212522045856,9]}},"44.420119,26.138237":{"city":"Bucharest","mean":{"CO":[0,0],"NO2":[0,0],"PM1":[0.8374561342592594,9],"PM10":[1.256184201388889,9],"PM2.5":[1.1277564236111113,9],"SO2":[0,0]}},"44.421590,26.089600":{"city":"Bucharest","mean":{"CO":[46.94061030605027,9],"NO2":[72.20783013216389,9],"PM1":[0.91734126984127,9],"PM10":[1.3505302028218695,9],"PM2.5":[1.2740850970017636,9],"SO2":[3.138159661225419,9]}},"44.423865,26.033431":{"city":"Bucharest","mean":{"CO":[0,0],"NO2":[0,0],"PM1":[0.5163866898148148,9],"PM10":[0.695650462962963,9],"PM2.5":[0.6274232060185185,9],"SO2":[0,0]}},"44.425900,26.054437":{"city":"Bucharest","mean":{"CO":[0,0],"NO2":[1.4142344576719577,9],"PM1":[0,0],"PM10":[1.40149360670194,9],"PM2.5":[0,0],"SO2":[0.1783719135802469,9]}},"44.427796,26.138058":{"city":"Bucharest","mean":{"CO":[0,0],"NO2":[0,0],"PM1":[0.640801099537037,9],"PM10":[1.7979888888888889,9],"PM2.5":[0.9792618055555555,9],"SO2":[0,0]}},"44.428230,24.352561":{"city":"Slatina","mean":{"CO":[0,0],"NO2":[1.4269753086419752,9],"PM1":[0,0],"PM10":[1.019268077601411,9],"PM2.5":[0,0],"SO2":[0.12740850970017636,9]}},"44.432522,26.148991":{"city":"Bucharest","mean":{"CO":[0,0],"NO2":[0,0],"PM1":[0.5832761574074075,9],"PM10":[0.8107003472222223,9],"PM2.5":[0.7210684606481482,9],"SO2":[0,0]}},"44.434434,26.058114":{"city":"Bucharest","mean":{"CO":[0,0],"NO2":[0,0],"PM1":[0.7745800347222223,9],"PM10":[0.9712350694444445,9],"PM2.5":[0.9016700231481481,9],"SO2":[0,0]}},"44.434715,26.045139":{"city":"Bucharest","mean":{"CO":[52.89819501995516,9],"NO2":[32.1043556392174,9],"PM1":[0.39284290490887286,9],"PM10":[0.6051904210758378,9],"PM2.5":[0.6051904210758378,9],"SO2":[2.5316713579035275,9]}},"44.435018,26.011657":{"city":"Bucharest","mean":{"CO":[0,0],"NO2":[0,0],"PM1":[0.6220720486111112,9],"PM10":[0.7959846643518519,9],"PM2.5":[0.7357841435185186,9],"SO2":[0,0]}},"44.435029,26.098609":{"city":"Bucharest","mean":{"CO":[0,0],"NO2":[2.165944664902998,9],"PM1":[0,0],"PM10":[1.783719135802469,9],"PM2.5":[0,0],"SO2":[0,0]}},"44.436080,26.101710":{"city":"Bucharest","mean":{"CO":[53.113080000108134,9],"NO2":[0,0],"PM1":[0.3680690280227331,9],"PM10":[0.5096340388007055,9],"PM2.5":[0.5096340388007055,9],"SO2":[0.07418817166017483,9]}},"44.441220,26.177049":{"city":"Bucharest","mean":{"CO":[0,0],"NO2":[0,0],"PM1":[0.16053472222222223,9],"PM10":[1.364545138888889,9],"PM2.5":[0.4013368055555555,9],"SO2":[0,0]}},"44.446343,26.066767":{"city":"Bucharest","mean":{"CO":[0,0],"NO2":[0,0],"PM1":[0.4692880107289787,9],"PM10":[0.6688946759259259,9],"PM2.5":[0.6688946759259259,9],"SO2":[0,0]}},"44.446472,26.056149":{"city":"Bucharest","mean":{"CO":[0,0],"NO2":[0,0],"PM1":[0,0],"PM10":[1.3364515625,9],"PM2.5":[0,0],"SO2":[0,0]}},"44.446757,26.147865":{"city":"Bucharest","mean":{"CO":[0,0],"NO2":[0,0],"PM1":[1.2842777777777779,9],"PM10":[5.458180555555556,9],"PM2.5":[2.5685555555555557,9],"SO2":[0,0]}},"44.455633,26.025153":{"city":"Bucharest","mean":{"CO":[0,0],"NO2":[0.9428229717813051,9],"PM1":[0,0],"PM10":[1.6563106261022926,9],"PM2.5":[4.077072310405644,9],"SO2":[0.2930395723104056,9]}},"44.459228,26.136312":{"city":"Bucharest","mean":{"CO":[0,0],"NO2":[0,0],"PM1":[0.577925,9],"PM10":[0.8227404513888888,9],"PM2.5":[0.6862859375,9],"SO2":[0,0]}},"44.460059,26.114720":{"city":"Bucharest","mean":{"CO":[0,0],"NO2":[0,0],"PM1":[0.5739116319444445,9],"PM10":[0.7946468750000001,9],"PM2.5":[0.6983260416666667,9],"SO2":[0,0]}},"44.466972,26.057333":{"city":"Bucharest","mean":{"CO":[0,0],"NO2":[0,0],"PM1":[0.6929748842592592,9],"PM10":[0.983275173611111,9],"PM2.5":[0.8655497106481481,9],"SO2":[0,0]}},"44.472304,25.971816":{"city":"Chitila","mean":{"CO":[0,0],"NO2":[0,0],"PM1":[1.019395486111111,9],"PM10":[1.3779230324074072,9],"PM2.5":[1.256184201388889,9],"SO2":[0,0]}},"44.474045,26.065306":{"city":"Bucharest","mean":{"CO":[68.53614536807949,9],"NO2":[32.52388984483256,9],"PM1":[0.6228860474230858,9],"PM10":[0.9484855722124185,9],"PM2.5":[0.8777030668234386,9],"SO2":[2.4853037506158895,9]}},"44.491278,26.090444":{"city":"Bucharest","mean":{"CO":[0,0],"NO2":[0,0],"PM1":[1.102338425925926,9],"PM10":[3.884940277777778,9],"PM2.5":[3.486279050925926,9],"SO2":[0,0]}},"44.505680,26.084160":{"city":"Bucharest","mean":{"CO":[85.53233096811397,9],"NO2":[6.974075106329989,9],"PM1":[0.868694384319382,9],"PM10":[1.2393373216289847,9],"PM2.5":[1.1235114037197347,9],"SO2":[1.851332101883433,9]}},"44.566055,27.365187":{"city":"Slobozia","mean":{"CO":[0,0],"NO2":[1.6945331790123457,9],"PM1":[0,0],"PM10":[1.6563106261022926,9],"PM2.5":[0,0],"SO2":[0.42044808201058204,9]}},"44.616667,26.100000":{"city":"Balotești","mean":{"CO":[0,0],