{"43.752504,24.888614":{"city":"Turnu Măgurele","mean":{"CO":[0,0],"NO2":[1.155,6],"PM1":[0,0],"PM10":[0.6416666666666667,6],"PM2.5":[0,0],"SO2":[0.3636111111111111,6]}},"43.826752,28.581173":{"city":"Saturn","mean":{"CO":[0,0],"NO2":[1.4758333333333333,6],"PM1":[0,0],"PM10":[1.4972222222222225,6],"PM2.5":[0,0],"SO2":[0,0]}},"43.851367,25.964086":{"city":"Ruse","mean":{"CO":[0.021388888888888888,6],"NO2":[1.724722222222222,6],"PM1":[0,0],"PM10":[5.519444444444445,6],"PM2.5":[7.052777777777777,6],"SO2":[0.8983333333333334,6]}},"43.903559,25.978828":{"city":"Giurgiu","mean":{"CO":[0,0],"NO2":[1.2191666666666665,6],"PM1":[0,0],"PM10":[1.4972222222222225,6],"PM2.5":[0,0],"SO2":[0.27805555555555556,6]}},"43.968538,25.330168":{"city":"Alexandria","mean":{"CO":[0,0],"NO2":[0.8127777777777778,6],"PM1":[0,0],"PM10":[1.4972222222222225,6],"PM2.5":[0,0],"SO2":[0.27805555555555556,6]}},"44.149731,28.623991":{"city":"Constanța","mean":{"CO":[0,0],"NO2":[0.385,6],"PM1":[0,0],"PM10":[3.422222222222222,6],"PM2.5":[0,0],"SO2":[0.7272222222222222,6]}},"44.181554,28.642528":{"city":"Constanța","mean":{"CO":[0,0],"NO2":[0.5988888888888888,6],"PM1":[0,0],"PM10":[0,0],"PM2.5":[0,0],"SO2":[0.7058333333333332,6]}},"44.198888,27.324898":{"city":"Călărași","mean":{"CO":[0,0],"NO2":[0.9838888888888887,6],"PM1":[0,0],"PM10":[1.711111111111111,6],"PM2.5":[0,0],"SO2":[0.5988888888888888,6]}},"44.245416,28.270902":{"city":"Medgidia","mean":{"CO":[0,0],"NO2":[2.2244444444444444,6],"PM1":[0,0],"PM10":[0.8555555555555555,6],"PM2.5":[0,0],"SO2":[0.4063888888888889,6]}},"44.321111,28.613333":{"city":"Năvodari","mean":{"CO":[0,0],"NO2":[1.4758333333333333,6],"PM1":[0,0],"PM10":[2.566666666666667,6],"PM2.5":[0,0],"SO2":[0.8555555555555555,6]}},"44.380300,26.106784":{"city":"București","mean":{"CO":[0,0],"NO2":[0,0],"PM1":[0.8542641509433869,6],"PM10":[1.0754575471698178,6],"PM2.5":[0.940707547169818,6],"SO2":[0,0]}},"44.393290,26.123540":{"city":"București","mean":{"CO":[93.66341202701388,6],"NO2":[17.104407929583335,6],"PM1":[0,0],"PM10":[0,0],"PM2.5":[0,0],"SO2":[10.088102255,6]}},"44.393881,26.041322":{"city":"București","mean":{"CO":[0,0],"NO2":[0,0],"PM1":[0.18160377358490462,6],"PM10":[0.2905660377358414,6],"PM2.5":[0.20985324947589137,6],"SO2":[0,0]}},"44.407181,26.205592":{"city":"București","mean":{"CO":[0,0],"NO2":[0,0],"PM1":[0.5771367924528403,6],"PM10":[3.4399386792452304,6],"PM2.5":[0.8313820754717041,6],"SO2":[0,0]}},"44.412380,26.117940":{"city":"București","mean":{"CO":[133.9098879601389,6],"NO2":[39.44075240233334,6],"PM1":[0.21388888888888888,6],"PM10":[0.42777777777777776,6],"PM2.5":[0.42777777777777776,6],"SO2":[2.2418005011111113,6]}},"44.412611,26.021333":{"city":"București","mean":{"CO":[0,0],"NO2":[0,0],"PM1":[1.138050314465402,6],"PM10":[1.5779350104821723,6],"PM2.5":[1.440723270440257,6],"SO2":[0,0]}},"44.412638,26.147158":{"city":"București","mean":{"CO":[0,0],"NO2":[0,0],"PM1":[0.5008632075471597,6],"PM10":[0.6610377358490461,6],"PM2.5":[0.5771367924528403,6],"SO2":[0,0]}},"44.413960,26.077216":{"city":"București","mean":{"CO":[0,0],"NO2":[0,0],"PM1":[0.485608490566045,6],"PM10":[0.6101886792452733,6],"PM2.5":[0.5339150943396141,6],"SO2":[0,0]}},"44.418554,26.161598":{"city":"București","mean":{"CO":[0,0],"NO2":[1.925,6],"PM1":[0,0],"PM10":[3.2083333333333335,6],"PM2.5":[0,0],"SO2":[0.6202777777777778,6]}},"44.420119,26.138237":{"city":"București","mean":{"CO":[0,0],"NO2":[0,0],"PM1":[0.73304,6],"PM10":[0.9890650000000001,6],"PM2.5":[0.854315,6],"SO2":[0,0]}},"44.421590,26.089600":{"city":"București","mean":{"CO":[70.26287350881945,6],"NO2":[734.4833993291667,6],"PM1":[0.42777777777777776,6],"PM10":[0.6416666666666667,6],"PM2.5":[0.6416666666666667,6],"SO2":[0,0]}},"44.423865,26.033431":{"city":"București","mean":{"CO":[0,0],"NO2":[0,0],"PM1":[0.7225668484669864,12],"PM10":[7.291959021226485,12],"PM2.5":[6.251197597287809,12],"SO2":[0,0]}},"44.425900,26.054437":{"city":"București","mean":{"CO":[0,0],"NO2":[3.015833333333333,6],"PM1":[0,0],"PM10":[3.636111111111111,6],"PM2.5":[0,0],"SO2":[0.3636111111111111,6]}},"44.427796,26.138058":{"city":"București","mean":{"CO":[0,0],"NO2":[0,0],"PM1":[0.4449292452830225,6],"PM10":[1.8432783018867953,6],"PM2.5":[0.6101886792452733,6],"SO2":[0,0]}},"44.428230,24.352561":{"city":"Slatina","mean":{"CO":[0,0],"NO2":[1.54,6],"PM1":[0,0],"PM10":[2.138888888888889,6],"PM2.5":[0,0],"SO2":[1.176388888888889,6]}},"44.432522,26.148991":{"city":"București","mean":{"CO":[0,0],"NO2":[0,0],"PM1":[0.6305283018867952,6],"PM10":[0.8873160377358413,6],"PM2.5":[0.755108490566045,6],"SO2":[0,0]}},"44.434434,26.058114":{"city":"București","mean":{"CO":[0,0],"NO2":[0,0],"PM1":[0.8949433962264095,6],"PM10":[1.2610566037735904,6],"PM2.5":[1.0525754716981137,6],"SO2":[0,0]}},"44.434715,26.045139":{"city":"București","mean":{"CO":[69.0321455191659,6],"NO2":[44.89221075849981,6],"PM1":[0.42777777777777776,6],"PM10":[0.6805555555555594,6],"PM2.5":[0.6805555555555594,6],"SO2":[5.0440511275,6]}},"44.435018,26.011657":{"city":"București","mean":{"CO":[0,0],"NO2":[0,0],"PM1":[0.5873066037735906,6],"PM10":[0.7398537735849088,6],"PM2.5":[0.6559528301886817,6],"SO2":[0,0]}},"44.435029,26.098609":{"city":"București","mean":{"CO":[0,0],"NO2":[6.566388888888889,6],"PM1":[0,0],"PM10":[4.277777777777778,6],"PM2.5":[0,0],"SO2":[0,0]}},"44.436080,26.101710":{"city":"București","mean":{"CO":[84.38895775566667,6],"NO2":[0,0],"PM1":[0.5133333333333333,6],"PM10":[0.7272222222222222,6],"PM2.5":[0.7272222222222222,6],"SO2":[0,0]}},"44.439796,26.035057":{"city":"București","mean":{"CO":[0,0],"NO2":[0,0],"PM1":[0.552820512820516,6],"PM10":[2.4324102564103227,6],"PM2.5":[0.7497628205128173,6],"SO2":[0,0]}},"44.441220,26.177049":{"city":"București","mean":{"CO":[0,0],"NO2":[0,0],"PM1":[0.2695,6],"PM10":[2.2907500000000005,6],"PM2.5":[0.6737500000000001,6],"SO2":[0,0]}},"44.446343,26.066767":{"city":"București","mean":{"CO":[0,0],"NO2":[0,0],"PM1":[0.7143081761006217,6],"PM10":[0.9443396226415005,6],"PM2.5":[0.9443396226415005,6],"SO2":[0,0]}},"44.446472,26.056149":{"city":"București","mean":{"CO":[0,0],"NO2":[0,0],"PM1":[0,0],"PM10":[1.9856556603773632,6],"PM2.5":[0.005084905660377277,6],"SO2":[0,0]}},"44.446757,26.147865":{"city":"București","mean":{"CO":[0,0],"NO2":[0,0],"PM1":[2.156,6],"PM10":[9.163000000000002,6],"PM2.5":[4.312,6],"SO2":[0,0]}},"44.455633,26.025153":{"city":"București","mean":{"CO":[0,0],"NO2":[2.6094444444444442,6],"PM1":[0,0],"PM10":[4.063888888888889,6],"PM2.5":[8.127777777777778,6],"SO2":[0.5561111111111111,6]}},"44.455800,26.055336":{"city":"București","mean":{"CO":[0,0],"NO2":[0,0],"PM1":[0.7042594339622722,6],"PM10":[1.0957971698113183,6],"PM2.5":[0.8847735849056592,6],"SO2":[0,0]}},"44.459228,26.136312":{"city":"București","mean":{"CO":[0,0],"NO2":[0,0],"PM1":[0.6487962962962891,6],"PM10":[0.828462962962956,6],"PM2.5":[0.7136759259259331,6],"SO2":[0,0]}},"44.460059,26.114720":{"city":"București","mean":{"CO":[0,0],"NO2":[0,0],"PM1":[0.7245990566037728,6],"PM10":[0.9203679245282959,6],"PM2.5":[0.8339245283018863,6],"SO2":[0,0]}},"44.466972,26.057333":{"city":"București","mean":{"CO":[0,0],"NO2":[0,0],"PM1":[0.6534103773584995,6],"PM10":[0.8796886792452733,6],"PM2.5":[0.7093443396226365,6],"SO2":[0,0]}},"44.472304,25.971816":{"city":"Chitila","mean":{"CO":[0,0],"NO2":[0,0],"PM1":[0.5161179245282957,6],"PM10":[0.6559528301886817,6],"PM2.5":[0.5669669811320687,6],"SO2":[0,0]}},"44.474045,26.065306":{"city":"București","mean":{"CO":[91.81342180908332,6],"NO2":[47.36914854851667,6],"PM1":[0.4491666666666667,6],"PM10":[0.6844444444444444,6],"PM2.5":[0.6844444444444444,6],"SO2":[11.601317593250002,6]}},"44.491278,26.090444":{"city":"București","mean":{"CO":[0,0],"NO2":[0,0],"PM1":[0.889858490566045,6],"PM10":[3.6611320754715972,6],"PM2.5":[3.5518066037736333,6],"SO2":[0,0]}},"44.505680,26.084160":{"city":"București","mean":{"CO":[123.10398483288888,6],"NO2":[20.082587192616668,6],"PM1":[0.4491666666666667,6],"PM10":[0.6630555555555556,6],