{"43.752504,24.888614":{"city":"Turnu Măgurele","mean":{"CO":[0,0],"NO2":[6.0,1],"PM1":[0,0],"PM10":[12.0,1],"PM2.5":[0,0],"SO2":[1.4,1]}},"43.826752,28.581173":{"city":"Saturn","mean":{"CO":[0,0],"NO2":[5.8,1],"PM1":[0,0],"PM10":[6.0,1],"PM2.5":[0,0],"SO2":[0,0]}},"43.851367,25.964086":{"city":"Ruse","mean":{"CO":[0.1,1],"NO2":[15.7,1],"PM1":[0,0],"PM10":[9.0,1],"PM2.5":[28.0,1],"SO2":[4.7,1]}},"43.903559,25.978828":{"city":"Giurgiu","mean":{"CO":[0,0],"NO2":[7.4,1],"PM1":[0,0],"PM10":[7.0,1],"PM2.5":[0,0],"SO2":[1.4,1]}},"43.968538,25.330168":{"city":"Alexandria","mean":{"CO":[0,0],"NO2":[4.8,1],"PM1":[0,0],"PM10":[2.0,1],"PM2.5":[0,0],"SO2":[1.2,1]}},"44.149731,28.623991":{"city":"Constanța","mean":{"CO":[0,0],"NO2":[1.7,1],"PM1":[0,0],"PM10":[19.0,1],"PM2.5":[0,0],"SO2":[3.5,1]}},"44.181554,28.642528":{"city":"Constanța","mean":{"CO":[0,0],"NO2":[5.4,1],"PM1":[0,0],"PM10":[0,0],"PM2.5":[0,0],"SO2":[3.3,1]}},"44.198888,27.324898":{"city":"Călărași","mean":{"CO":[0,0],"NO2":[7.9,1],"PM1":[0,0],"PM10":[7.0,1],"PM2.5":[0,0],"SO2":[3.3,1]}},"44.245416,28.270902":{"city":"Medgidia","mean":{"CO":[0,0],"NO2":[8.3,1],"PM1":[0,0],"PM10":[9.0,1],"PM2.5":[0,0],"SO2":[2.9,1]}},"44.321111,28.613333":{"city":"Năvodari","mean":{"CO":[0,0],"NO2":[8.8,1],"PM1":[0,0],"PM10":[14.0,1],"PM2.5":[0,0],"SO2":[3.6,1]}},"44.380300,26.106784":{"city":"Bucharest","mean":{"CO":[0,0],"NO2":[0,0],"PM1":[5.544,1],"PM10":[7.8225,1],"PM2.5":[6.825,1],"SO2":[0,0]}},"44.393290,26.123540":{"city":"Bucharest","mean":{"CO":[457.0957167,1],"NO2":[149.90203802,1],"PM1":[0,0],"PM10":[0,0],"PM2.5":[0,0],"SO2":[0,0]}},"44.393881,26.041322":{"city":"Bucharest","mean":{"CO":[0,0],"NO2":[0,0],"PM1":[2.3,1],"PM10":[3.4,1],"PM2.5":[2.7833333333333,1],"SO2":[0,0]}},"44.407181,26.205592":{"city":"Bucharest","mean":{"CO":[0,0],"NO2":[0,0],"PM1":[25.7145,2],"PM10":[48.258,2],"PM2.5":[32.3925,2],"SO2":[0,0]}},"44.412380,26.117940":{"city":"Bucharest","mean":{"CO":[743.4965417,1],"NO2":[0,0],"PM1":[2.0,1],"PM10":[3.0,1],"PM2.5":[3.0,1],"SO2":[34.0637219,1]}},"44.412611,26.021333":{"city":"Bucharest","mean":{"CO":[0,0],"NO2":[0,0],"PM1":[8.5166666666667,1],"PM10":[15.366666666667,1],"PM2.5":[12.7,1],"SO2":[0,0]}},"44.412638,26.147158":{"city":"Bucharest","mean":{"CO":[0,0],"NO2":[0,0],"PM1":[3.4335,1],"PM10":[5.292,1],"PM2.5":[4.5465,1],"SO2":[0,0]}},"44.413960,26.077216":{"city":"Bucharest","mean":{"CO":[0,0],"NO2":[0,0],"PM1":[4.83,1],"PM10":[7.056,1],"PM2.5":[6.216,1],"SO2":[0,0]}},"44.418554,26.161598":{"city":"Bucharest","mean":{"CO":[0,0],"NO2":[9.1,1],"PM1":[0,0],"PM10":[13.0,1],"PM2.5":[0,0],"SO2":[2.6,1]}},"44.420119,26.138237":{"city":"Bucharest","mean":{"CO":[0,0],"NO2":[0,0],"PM1":[5.0506779661017,1],"PM10":[7.666779661017,1],"PM2.5":[6.684406779661,1],"SO2":[0,0]}},"44.421590,26.089600":{"city":"Bucharest","mean":{"CO":[660.24936856667,1],"NO2":[2916.504087,1],"PM1":[3.6666666666667,1],"PM10":[5.0,1],"PM2.5":[5.0,1],"SO2":[0,0]}},"44.423865,26.033431":{"city":"Bucharest","mean":{"CO":[0,0],"NO2":[0,0],"PM1":[3.843,1],"PM10":[6.3,1],"PM2.5":[5.4705,1],"SO2":[0,0]}},"44.425900,26.054437":{"city":"Bucharest","mean":{"CO":[0,0],"NO2":[18.7,2],"PM1":[0,0],"PM10":[13.0,2],"PM2.5":[0,0],"SO2":[1.4,2]}},"44.427796,26.138058":{"city":"Bucharest","mean":{"CO":[0,0],"NO2":[0,0],"PM1":[7.203,1],"PM10":[18.5325,1],"PM2.5":[11.6655,1],"SO2":[0,0]}},"44.428230,24.352561":{"city":"Slatina","mean":{"CO":[0,0],"NO2":[5.9,1],"PM1":[0,0],"PM10":[7.0,1],"PM2.5":[0,0],"SO2":[3.2,1]}},"44.430603,26.126609":{"city":"Bucharest","mean":{"CO":[0,0],"NO2":[0,0],"PM1":[4.032,1],"PM10":[16.1805,1],"PM2.5":[12.8415,1],"SO2":[0,0]}},"44.432522,26.148991":{"city":"Bucharest","mean":{"CO":[0,0],"NO2":[0,0],"PM1":[9.471724137931,1],"PM10":[13.414655172414,1],"PM2.5":[12.545689655172,1],"SO2":[0,0]}},"44.434434,26.058114":{"city":"Bucharest","mean":{"CO":[0,0],"NO2":[0,0],"PM1":[13.635762711864,1],"PM10":[19.764915254237,1],"PM2.5":[18.067118644068,1],"SO2":[0,0]}},"44.434715,26.045139":{"city":"Bucharest","mean":{"CO":[393.13286578333,1],"NO2":[272.52065071,1],"PM1":[2.5,1],"PM10":[3.6666666666667,1],"PM2.5":[3.6666666666667,1],"SO2":[27.294648958333,1]}},"44.435018,26.011657":{"city":"Bucharest","mean":{"CO":[0,0],"NO2":[0,0],"PM1":[3.4335,1],"PM10":[4.3365,1],"PM2.5":[3.969,1],"SO2":[0,0]}},"44.435029,26.098609":{"city":"Bucharest","mean":{"CO":[0,0],"NO2":[0,0],"PM1":[0,0],"PM10":[0,0],"PM2.5":[0,0],"SO2":[0,0]}},"44.436080,26.101710":{"city":"Bucharest","mean":{"CO":[435.10013334,1],"NO2":[0,0],"PM1":[3.4,1],"PM10":[4.6,1],"PM2.5":[4.6,1],"SO2":[12.05331698,1]}},"44.439796,26.035057":{"city":"Bucharest","mean":{"CO":[0,0],"NO2":[0,0],"PM1":[5.04,1],"PM10":[17.64,1],"PM2.5":[8.4,1],"SO2":[0,0]}},"44.441220,26.177049":{"city":"Bucharest","mean":{"CO":[0,0],"NO2":[0,0],"PM1":[1.26,1],"PM10":[10.71,1],"PM2.5":[3.15,1],"SO2":[0,0]}},"44.446343,26.066767":{"city":"Bucharest","mean":{"CO":[0,0],"NO2":[0,0],"PM1":[4.6,1],"PM10":[6.3333333333333,1],"PM2.5":[6.1,1],"SO2":[0,0]}},"44.446472,26.056149":{"city":"Bucharest","mean":{"CO":[0,0],"NO2":[0,0],"PM1":[0.0105,1],"PM10":[10.269,1],"PM2.5":[0.0105,1],"SO2":[0,0]}},"44.446757,26.147865":{"city":"Bucharest","mean":{"CO":[0,0],"NO2":[0,0],"PM1":[10.08,1],"PM10":[42.84,1],"PM2.5":[20.16,1],"SO2":[0,0]}},"44.455633,26.025153":{"city":"Bucharest","mean":{"CO":[0,0],"NO2":[14.2,1],"PM1":[0,0],"PM10":[15.0,1],"PM2.5":[30.0,1],"SO2":[2.1,1]}},"44.459228,26.136312":{"city":"Bucharest","mean":{"CO":[0,0],"NO2":[0,0],"PM1":[3.5154,1],"PM10":[5.2164,1],"PM2.5":[4.4982,1],"SO2":[0,0]}},"44.460059,26.114720":{"city":"Bucharest","mean":{"CO":[0,0],"NO2":[0,0],"PM1":[4.662,1],"PM10":[6.594,1],"PM2.5":[5.943,1],"SO2":[0,0]}},"44.466972,26.057333":{"city":"Bucharest","mean":{"CO":[0,0],"NO2":[0,0],"PM1":[2.7442372881356,1],"PM10":[4.3672881355932,1],"PM2.5":[3.5984745762712,1],"SO2":[0,0]}},"44.472304,25.971816":{"city":"Chitila","mean":{"CO":[0,0],"NO2":[0,0],"PM1":[4.0215,1],"PM10":[4.8615,1],"PM2.5":[4.578,1],"SO2":[0,0]}},"44.474045,26.065306":{"city":"Bucharest","mean":{"CO":[514.2326812875,1],"NO2":[244.3748182575,1],"PM1":[3.125,1],"PM10":[4.25,1],"PM2.5":[4.25,1],"SO2":[35.7014008375,1]}},"44.491278,26.090444":{"city":"Bucharest","mean":{"CO":[0,0],"NO2":[0,0],"PM1":[4.977,1],"PM10":[24.7695,1],"PM2.5":[23.5305,1],"SO2":[0,0]}},"44.505680,26.084160":{"city":"Bucharest","mean":{"CO":[638.48290586667,1],"NO2":[15.05292432,1],"PM1":[3.2222222222222,1],"PM10":[4.6666666666667,1],"PM2.5":[4.6666666666667,1],"SO2":[2.9114292222222,1]}},"44.566055,27.365187":{"city":"Slobozia","mean":{"CO":[0,0],"NO2":[4.9,1],"PM1":[0,0],"PM10":[13.0,1],"PM2.5":[0,0],"SO2":[4.0,1]}},"44.616667,26.100000":{"city":"Balotești","mean":{"CO":[0,0],"NO2":[2.4,1],"PM1":[0,0],"PM10":[8.0,1],"PM2.5":[20.0,1],"SO2":[2.0,1]}},"44.723943,26.650165":{"city":"Urziceni","mean":{"CO":[0,0],"NO2":[4.9,1],"PM1":[0,0],"PM10":[3.0,1],"PM2.5":[0,0],"SO2":[2.3,1]}},"44.766667,24.966667":{"city":"Oarja","mean":{"CO":[0,0],"NO2":[8.2,1],"PM1":[0,0],"PM10":[8.0,1],"PM2.5":[0,0],"SO2":[4.1,1]}},"44.861174,24.867375":{"city":"Pitești","mean":{"CO":[0,0],"NO2":[8.0,1],"PM1":[0,0],"PM10":[10.0,1],"PM2.5":[0,0],"SO2":[4.1,1]}},"44.862400,25.009900":{"city":"Radu Negru","mean":{"CO":[0,0],"NO2":[3.7,1],"PM1":[0,0],"PM10":[6.0,1],"PM2.5":[0,0],"SO2":[3.8,1]}},"44.879886,24.838500":{"city":"Pitești","mean":{"CO":[0,0],"NO2":[5.7,1],"PM1":[0,0],"PM10":[20.0,1],"PM2.5":[0,0],"SO2":[0,0]}},"44.916523,25.477572":{"city":"Târgoviște","mean":{"CO":[0,0],"NO2":[9.6,1],"PM1":[0,0],"PM10":[13.0,1],"PM2.5":[0,0],"SO2":[2.4,1]}},"44.933333,26.033333":{"city":"Ploiești","mean":{"CO":[0,0],"NO2":[29.9,1],"PM1":[0,0],"PM10":[13.0,1],"PM2.5":[0,0],"SO2":[0,0]}},"44.939165,26.024902":{"city":"Ploiești","mean":{"CO":[0,0],"NO2":[20.8,1],"PM1":[0,0],"PM10":[8.0,1],"PM2.5":[0,0],"SO2":[5.1,1]}},"44.978800,24.760821":{"city":"Valea Mărului","mean":{"CO":[0,0],"NO2":[7.3,1],"PM1":[0,0],"PM10":[11.0,1],"PM2.5":[0,0],"SO2":[3.1,1]}},