{"43.752504,24.888614":{"city":"none","mean":{"CO":[0,0],"NO2":[8.2,2],"PM1":[0,0],"PM10":[8.0,2],"PM2.5":[0,0],"SO2":[1.5,2]}},"43.826752,28.581173":{"city":"none","mean":{"CO":[0,0],"NO2":[8.4,2],"PM1":[0,0],"PM10":[7.0,2],"PM2.5":[0,0],"SO2":[0,0]}},"43.851367,25.964086":{"city":"none","mean":{"CO":[0.1,2],"NO2":[24.5,2],"PM1":[0,0],"PM10":[20.0,2],"PM2.5":[59.0,2],"SO2":[4.3,2]}},"43.905254,25.970757":{"city":"none","mean":{"CO":[0,0],"NO2":[27.3,2],"PM1":[0,0],"PM10":[36.0,2],"PM2.5":[0,0],"SO2":[0,0]}},"43.968538,25.330168":{"city":"none","mean":{"CO":[0,0],"NO2":[14.6,2],"PM1":[0,0],"PM10":[15.0,2],"PM2.5":[0,0],"SO2":[1.3,2]}},"44.149731,28.623991":{"city":"none","mean":{"CO":[0,0],"NO2":[1.7,2],"PM1":[0,0],"PM10":[24.0,2],"PM2.5":[0,0],"SO2":[3.6,2]}},"44.173929,28.636342":{"city":"none","mean":{"CO":[0,0],"NO2":[12.5,2],"PM1":[0,0],"PM10":[13.0,2],"PM2.5":[0,0],"SO2":[0,0]}},"44.198888,27.324898":{"city":"none","mean":{"CO":[0,0],"NO2":[3.7,2],"PM1":[0,0],"PM10":[7.0,2],"PM2.5":[0,0],"SO2":[4.2,2]}},"44.245416,28.270902":{"city":"none","mean":{"CO":[0,0],"NO2":[4.5,2],"PM1":[0,0],"PM10":[9.0,2],"PM2.5":[0,0],"SO2":[3.1,2]}},"44.321111,28.613333":{"city":"none","mean":{"CO":[0,0],"NO2":[14.0,2],"PM1":[0,0],"PM10":[15.0,2],"PM2.5":[0,0],"SO2":[3.3,2]}},"44.380300,26.106784":{"city":"none","mean":{"CO":[0,0],"NO2":[0,0],"PM1":[16.401,2],"PM10":[28.2975,2],"PM2.5":[23.0055,2],"SO2":[0,0]}},"44.393290,26.123540":{"city":"none","mean":{"CO":[491.4638157,2],"NO2":[72.03899496,2],"PM1":[0,0],"PM10":[0,0],"PM2.5":[0,0],"SO2":[9.7324919714286,2]}},"44.393881,26.041322":{"city":"none","mean":{"CO":[0,0],"NO2":[0,0],"PM1":[12.183333333333,2],"PM10":[20.833333333333,2],"PM2.5":[17.85,2],"SO2":[0,0]}},"44.407181,26.205592":{"city":"none","mean":{"CO":[0,0],"NO2":[0,0],"PM1":[12.012,2],"PM10":[34.9965,2],"PM2.5":[19.3725,2],"SO2":[0,0]}},"44.412380,26.117940":{"city":"none","mean":{"CO":[767.554211,2],"NO2":[0,0],"PM1":[9.0,2],"PM10":[13.0,2],"PM2.5":[12.0,2],"SO2":[0,0]}},"44.412611,26.021333":{"city":"none","mean":{"CO":[0,0],"NO2":[0,0],"PM1":[13.666666666667,2],"PM10":[23.083333333333,2],"PM2.5":[19.916666666667,2],"SO2":[0,0]}},"44.412638,26.147158":{"city":"none","mean":{"CO":[0,0],"NO2":[0,0],"PM1":[13.818,2],"PM10":[23.0685,2],"PM2.5":[19.971,2],"SO2":[0,0]}},"44.413960,26.077216":{"city":"none","mean":{"CO":[0,0],"NO2":[0,0],"PM1":[13.9335,2],"PM10":[22.9425,2],"PM2.5":[19.698,2],"SO2":[0,0]}},"44.418554,26.161598":{"city":"none","mean":{"CO":[0,0],"NO2":[42.3,2],"PM1":[0,0],"PM10":[17.0,2],"PM2.5":[0,0],"SO2":[2.9,2]}},"44.420119,26.138237":{"city":"none","mean":{"CO":[0,0],"NO2":[0,0],"PM1":[15.477,2],"PM10":[28.56,2],"PM2.5":[23.2575,2],"SO2":[0,0]}},"44.421590,26.089600":{"city":"none","mean":{"CO":[541.4693997449999,4],"NO2":[90.035303589,4],"PM1":[24.75,4],"PM10":[34.650000000000006,4],"PM2.5":[30.599999999999998,4],"SO2":[48.73732518,4]}},"44.423865,26.033431":{"city":"none","mean":{"CO":[0,0],"NO2":[0,0],"PM1":[15.1935,2],"PM10":[23.919,2],"PM2.5":[21.6825,2],"SO2":[0,0]}},"44.425900,26.054437":{"city":"none","mean":{"CO":[0,0],"NO2":[29.6,2],"PM1":[0,0],"PM10":[17.0,2],"PM2.5":[0,0],"SO2":[2.3,2]}},"44.427796,26.138058":{"city":"none","mean":{"CO":[0,0],"NO2":[0,0],"PM1":[14.553,2],"PM10":[31.0905,2],"PM2.5":[21.462,2],"SO2":[0,0]}},"44.428230,24.352561":{"city":"none","mean":{"CO":[0,0],"NO2":[48.2,2],"PM1":[0,0],"PM10":[14.0,2],"PM2.5":[0,0],"SO2":[1.7,2]}},"44.430603,26.126609":{"city":"none","mean":{"CO":[0,0],"NO2":[0,0],"PM1":[14.2695,2],"PM10":[32.529,2],"PM2.5":[25.662,2],"SO2":[0,0]}},"44.432522,26.148991":{"city":"none","mean":{"CO":[0,0],"NO2":[0,0],"PM1":[14.742,2],"PM10":[27.258,2],"PM2.5":[22.407,2],"SO2":[0,0]}},"44.434434,26.058114":{"city":"none","mean":{"CO":[0,0],"NO2":[0,0],"PM1":[13.315423728814,2],"PM10":[20.875423728814,2],"PM2.5":[17.83220338983,2],"SO2":[0,0]}},"44.434715,26.045139":{"city":"none","mean":{"CO":[437.14312589167,2],"NO2":[126.38184377,2],"PM1":[8.5,2],"PM10":[12.166666666667,2],"PM2.5":[11.166666666667,2],"SO2":[0,0]}},"44.435018,26.011657":{"city":"none","mean":{"CO":[0,0],"NO2":[0,0],"PM1":[16.1385,2],"PM10":[29.2215,2],"PM2.5":[23.898,2],"SO2":[0,0]}},"44.435029,26.098609":{"city":"none","mean":{"CO":[0,0],"NO2":[57.6,2],"PM1":[0,0],"PM10":[21.0,2],"PM2.5":[0,0],"SO2":[0,0]}},"44.436080,26.101710":{"city":"none","mean":{"CO":[436.58941763,2],"NO2":[0,0],"PM1":[11.9,2],"PM10":[16.9,2],"PM2.5":[15.0,2],"SO2":[48.99935381,2]}},"44.441220,26.177049":{"city":"none","mean":{"CO":[0,0],"NO2":[0,0],"PM1":[1.26,2],"PM10":[10.71,2],"PM2.5":[3.15,2],"SO2":[0,0]}},"44.446343,26.066767":{"city":"none","mean":{"CO":[0,0],"NO2":[0,0],"PM1":[14.2,2],"PM10":[20.066666666667,2],"PM2.5":[18.066666666667,2],"SO2":[0,0]}},"44.446472,26.056149":{"city":"none","mean":{"CO":[0,0],"NO2":[0,0],"PM1":[0.021,2],"PM10":[8.988,2],"PM2.5":[0.021,2],"SO2":[0,0]}},"44.446757,26.147865":{"city":"none","mean":{"CO":[0,0],"NO2":[0,0],"PM1":[10.08,2],"PM10":[42.84,2],"PM2.5":[20.16,2],"SO2":[0,0]}},"44.455633,26.025153":{"city":"none","mean":{"CO":[0,0],"NO2":[34.2,2],"PM1":[0,0],"PM10":[18.0,2],"PM2.5":[46.0,2],"SO2":[2.8,2]}},"44.455800,26.055336":{"city":"none","mean":{"CO":[0,0],"NO2":[0,0],"PM1":[15.4665,2],"PM10":[28.749,2],"PM2.5":[23.52,2],"SO2":[0,0]}},"44.459228,26.136312":{"city":"none","mean":{"CO":[0,0],"NO2":[0,0],"PM1":[17.264423076923,2],"PM10":[32.445,2],"PM2.5":[25.733076923077,2],"SO2":[0,0]}},"44.460059,26.114720":{"city":"none","mean":{"CO":[0,0],"NO2":[0,0],"PM1":[15.4245,2],"PM10":[26.607,2],"PM2.5":[22.2075,2],"SO2":[0,0]}},"44.466972,26.057333":{"city":"none","mean":{"CO":[0,0],"NO2":[0,0],"PM1":[13.2825,2],"PM10":[21.7245,2],"PM2.5":[18.942,2],"SO2":[0,0]}},"44.472304,25.971816":{"city":"none","mean":{"CO":[0,0],"NO2":[0,0],"PM1":[11.7705,2],"PM10":[17.0205,2],"PM2.5":[15.519,2],"SO2":[0,0]}},"44.474045,26.065306":{"city":"none","mean":{"CO":[551.97249909091,2],"NO2":[217.24106689091,2],"PM1":[8.0,2],"PM10":[11.636363636364,2],"PM2.5":[10.636363636364,2],"SO2":[49.309024009091,2]}},"44.491278,26.090444":{"city":"none","mean":{"CO":[0,0],"NO2":[0,0],"PM1":[9.3135,2],"PM10":[24.948,2],"PM2.5":[23.016,2],"SO2":[0,0]}},"44.505680,26.084160":{"city":"none","mean":{"CO":[653.75761653333,2],"NO2":[174.57210843333,2],"PM1":[8.1111111111111,2],"PM10":[11.777777777778,2],"PM2.5":[10.777777777778,2],"SO2":[0,0]}},"44.566055,27.365187":{"city":"none","mean":{"CO":[0,0],"NO2":[7.8,2],"PM1":[0,0],"PM10":[14.0,2],"PM2.5":[0,0],"SO2":[3.9,2]}},"44.616667,26.100000":{"city":"none","mean":{"CO":[0,0],"NO2":[4.8,2],"PM1":[0,0],"PM10":[14.0,2],"PM2.5":[46.0,2],"SO2":[2.1,2]}},"44.723943,26.650165":{"city":"none","mean":{"CO":[0,0],"NO2":[12.7,2],"PM1":[0,0],"PM10":[5.0,2],"PM2.5":[0,0],"SO2":[2.9,2]}},"44.766667,24.966667":{"city":"none","mean":{"CO":[0,0],"NO2":[8.0,2],"PM1":[0,0],"PM10":[11.0,2],"PM2.5":[0,0],"SO2":[4.5,2]}},"44.861174,24.867375":{"city":"none","mean":{"CO":[0,0],"NO2":[29.8,2],"PM1":[0,0],"PM10":[14.0,2],"PM2.5":[0,0],"SO2":[4.4,2]}},"44.862400,25.009900":{"city":"none","mean":{"CO":[0,0],"NO2":[4.0,2],"PM1":[0,0],"PM10":[14.0,2],"PM2.5":[0,0],"SO2":[3.4,2]}},"44.879886,24.838500":{"city":"none","mean":{"CO":[0,0],"NO2":[8.4,2],"PM1":[0,0],"PM10":[24.0,2],"PM2.5":[0,0],"SO2":[0,0]}},"44.916523,25.477572":{"city":"none","mean":{"CO":[0,0],"NO2":[23.6,2],"PM1":[0,0],"PM10":[14.0,2],"PM2.5":[0,0],"SO2":[4.1,2]}},"44.921321,26.032367":{"city":"none","mean":{"CO":[0,0],"NO2":[29.5,2],"PM1":[0,0],"PM10":[17.0,2],"PM2.5":[0,0],"SO2":[0,0]}},"44.939165,26.024902":{"city":"none","mean":{"CO":[0,0],"NO2":[29.8,2],"PM1":[0,0],"PM10":[11.0,2],"PM2.5":[0,0],"SO2":[5.3,2]}},"44.978800,24.760821":{"city":"none","mean":{"CO":[0,0],"NO2":[10.8,2],"PM1":[0,0],"PM10":[13.0,2],"PM2.5":[0,0],"SO2":[4.3,2]}},"45.082654,24.369233":{"city":"none","mean":{"CO":[0,0],"NO2":[11.4,2],"PM1":[0,0],"PM10":[21.0,2],"PM2.5":[0,0],"SO2":[4.8,2]}},"45.122222,25.418333":{"city":"none","mean":{"CO":[0,0],"NO2":[6.3,2],"PM1":[0,0],