{"43.752504,24.888614":{"city":"Turnu Măgurele","mean":{"CO":[0,0],"NO2":[8.7,1],"PM1":[0,0],"PM10":[9.0,1],"PM2.5":[0,0],"SO2":[1.4,1]}},"43.826752,28.581173":{"city":"Saturn","mean":{"CO":[0,0],"NO2":[4.8,1],"PM1":[0,0],"PM10":[6.0,1],"PM2.5":[0,0],"SO2":[0,0]}},"43.851367,25.964086":{"city":"Ruse","mean":{"CO":[0.1,1],"NO2":[6.8,1],"PM1":[0,0],"PM10":[8.0,1],"PM2.5":[32.0,1],"SO2":[4.7,1]}},"43.905254,25.970757":{"city":"Giurgiu","mean":{"CO":[0,0],"NO2":[15.4,1],"PM1":[0,0],"PM10":[37.0,1],"PM2.5":[0,0],"SO2":[0,0]}},"43.968538,25.330168":{"city":"Alexandria","mean":{"CO":[0,0],"NO2":[8.4,1],"PM1":[0,0],"PM10":[14.0,1],"PM2.5":[0,0],"SO2":[1.0,1]}},"44.149731,28.623991":{"city":"Constanța","mean":{"CO":[0,0],"NO2":[1.8,1],"PM1":[0,0],"PM10":[18.0,1],"PM2.5":[0,0],"SO2":[2.9,1]}},"44.181554,28.642528":{"city":"Constanța","mean":{"CO":[0,0],"NO2":[6.1,1],"PM1":[0,0],"PM10":[0,0],"PM2.5":[0,0],"SO2":[2.7,1]}},"44.198888,27.324898":{"city":"Călărași","mean":{"CO":[0,0],"NO2":[5.5,1],"PM1":[0,0],"PM10":[7.0,1],"PM2.5":[0,0],"SO2":[2.6,1]}},"44.245416,28.270902":{"city":"Medgidia","mean":{"CO":[0,0],"NO2":[8.3,1],"PM1":[0,0],"PM10":[8.0,1],"PM2.5":[0,0],"SO2":[2.1,1]}},"44.321111,28.613333":{"city":"Năvodari","mean":{"CO":[0,0],"NO2":[7.1,1],"PM1":[0,0],"PM10":[14.0,1],"PM2.5":[0,0],"SO2":[3.1,1]}},"44.380300,26.106784":{"city":"Bucharest","mean":{"CO":[0,0],"NO2":[0,0],"PM1":[6.1425,1],"PM10":[8.862,1],"PM2.5":[7.644,1],"SO2":[0,0]}},"44.393290,26.123540":{"city":"Bucharest","mean":{"CO":[473.82152488,1],"NO2":[126.820887396,1],"PM1":[0,0],"PM10":[0,0],"PM2.5":[0,0],"SO2":[0,0]}},"44.393881,26.041322":{"city":"Bucharest","mean":{"CO":[0,0],"NO2":[0,0],"PM1":[5.5333333333333,1],"PM10":[9.35,1],"PM2.5":[8.1166666666667,1],"SO2":[0,0]}},"44.407181,26.205592":{"city":"Bucharest","mean":{"CO":[0,0],"NO2":[0,0],"PM1":[5.628,1],"PM10":[25.7355,1],"PM2.5":[9.492,1],"SO2":[0,0]}},"44.412380,26.117940":{"city":"Bucharest","mean":{"CO":[728.6036988,1],"NO2":[0,0],"PM1":[3.0,1],"PM10":[4.0,1],"PM2.5":[4.0,1],"SO2":[39.3042945,1]}},"44.412611,26.021333":{"city":"Bucharest","mean":{"CO":[0,0],"NO2":[0,0],"PM1":[9.0666666666667,1],"PM10":[14.65,1],"PM2.5":[13.366666666667,1],"SO2":[0,0]}},"44.412638,26.147158":{"city":"Bucharest","mean":{"CO":[0,0],"NO2":[0,0],"PM1":[4.893,1],"PM10":[7.2135,1],"PM2.5":[6.489,1],"SO2":[0,0]}},"44.413960,26.077216":{"city":"Bucharest","mean":{"CO":[0,0],"NO2":[0,0],"PM1":[6.1005,1],"PM10":[8.547,1],"PM2.5":[7.833,1],"SO2":[0,0]}},"44.418554,26.161598":{"city":"Bucharest","mean":{"CO":[0,0],"NO2":[8.0,1],"PM1":[0,0],"PM10":[18.0,1],"PM2.5":[0,0],"SO2":[2.9,1]}},"44.420119,26.138237":{"city":"Bucharest","mean":{"CO":[0,0],"NO2":[0,0],"PM1":[6.51,1],"PM10":[10.1535,1],"PM2.5":[9.1245,1],"SO2":[0,0]}},"44.421590,26.089600":{"city":"Bucharest","mean":{"CO":[321.9145273,1],"NO2":[1580.5570536,1],"PM1":[25.666666666667,1],"PM10":[35.666666666667,1],"PM2.5":[31.666666666667,1],"SO2":[27.076291766667,1]}},"44.423865,26.033431":{"city":"Bucharest","mean":{"CO":[0,0],"NO2":[0,0],"PM1":[6.762,1],"PM10":[9.6705,1],"PM2.5":[8.7255,1],"SO2":[0,0]}},"44.425900,26.054437":{"city":"Bucharest","mean":{"CO":[0,0],"NO2":[11.9,1],"PM1":[0,0],"PM10":[17.0,1],"PM2.5":[0,0],"SO2":[1.4,1]}},"44.427796,26.138058":{"city":"Bucharest","mean":{"CO":[0,0],"NO2":[0,0],"PM1":[7.1295,1],"PM10":[17.934,1],"PM2.5":[10.689,1],"SO2":[0,0]}},"44.428230,24.352561":{"city":"Slatina","mean":{"CO":[0,0],"NO2":[5.6,1],"PM1":[0,0],"PM10":[13.0,1],"PM2.5":[0,0],"SO2":[1.3,1]}},"44.430603,26.126609":{"city":"Bucharest","mean":{"CO":[0,0],"NO2":[0,0],"PM1":[5.9115,1],"PM10":[18.7425,1],"PM2.5":[15.4245,1],"SO2":[0,0]}},"44.432522,26.148991":{"city":"Bucharest","mean":{"CO":[0,0],"NO2":[0,0],"PM1":[6.741,1],"PM10":[10.3635,1],"PM2.5":[9.2295,1],"SO2":[0,0]}},"44.434434,26.058114":{"city":"Bucharest","mean":{"CO":[0,0],"NO2":[0,0],"PM1":[11.571,1],"PM10":[17.0415,1],"PM2.5":[15.6345,1],"SO2":[0,0]}},"44.434715,26.045139":{"city":"Bucharest","mean":{"CO":[379.76749395,1],"NO2":[222.97144149,1],"PM1":[5.9166666666667,1],"PM10":[8.75,1],"PM2.5":[7.9166666666667,1],"SO2":[5.895644175,1]}},"44.435018,26.011657":{"city":"Bucharest","mean":{"CO":[0,0],"NO2":[0,0],"PM1":[8.526,1],"PM10":[12.789,1],"PM2.5":[11.739,1],"SO2":[0,0]}},"44.435029,26.098609":{"city":"Bucharest","mean":{"CO":[0,0],"NO2":[14.7,1],"PM1":[0,0],"PM10":[17.0,1],"PM2.5":[0,0],"SO2":[0,0]}},"44.436080,26.101710":{"city":"Bucharest","mean":{"CO":[409.93504751667,1],"NO2":[0,0],"PM1":[5.9166666666667,1],"PM10":[8.9166666666667,1],"PM2.5":[7.9166666666667,1],"SO2":[8.7342876666667,1]}},"44.439796,26.035057":{"city":"Bucharest","mean":{"CO":[0,0],"NO2":[0,0],"PM1":[10.35,1],"PM10":[26.922857142857,1],"PM2.5":[15.39,1],"SO2":[0,0]}},"44.441220,26.177049":{"city":"Bucharest","mean":{"CO":[0,0],"NO2":[0,0],"PM1":[1.26,1],"PM10":[10.71,1],"PM2.5":[3.15,1],"SO2":[0,0]}},"44.446343,26.066767":{"city":"Bucharest","mean":{"CO":[0,0],"NO2":[0,0],"PM1":[9.25,1],"PM10":[13.15,1],"PM2.5":[12.133333333333,1],"SO2":[0,0]}},"44.446472,26.056149":{"city":"Bucharest","mean":{"CO":[0,0],"NO2":[0,0],"PM1":[0.084,1],"PM10":[10.3635,1],"PM2.5":[0.1155,1],"SO2":[0,0]}},"44.446757,26.147865":{"city":"Bucharest","mean":{"CO":[0,0],"NO2":[0,0],"PM1":[10.08,1],"PM10":[42.84,1],"PM2.5":[20.16,1],"SO2":[0,0]}},"44.455633,26.025153":{"city":"Bucharest","mean":{"CO":[0,0],"NO2":[9.9,1],"PM1":[0,0],"PM10":[14.0,1],"PM2.5":[34.0,1],"SO2":[2.4,1]}},"44.455800,26.055336":{"city":"Bucharest","mean":{"CO":[0,0],"NO2":[0,0],"PM1":[9.7545,1],"PM10":[17.304,1],"PM2.5":[15.0255,1],"SO2":[0,0]}},"44.459228,26.136312":{"city":"Bucharest","mean":{"CO":[0,0],"NO2":[0,0],"PM1":[7.7805,1],"PM10":[12.0645,1],"PM2.5":[10.4265,1],"SO2":[0,0]}},"44.460059,26.114720":{"city":"Bucharest","mean":{"CO":[0,0],"NO2":[0,0],"PM1":[8.7045,1],"PM10":[13.545,1],"PM2.5":[11.823,1],"SO2":[0,0]}},"44.466972,26.057333":{"city":"Bucharest","mean":{"CO":[0,0],"NO2":[0,0],"PM1":[11.3925,1],"PM10":[19.0575,1],"PM2.5":[16.758,1],"SO2":[0,0]}},"44.472304,25.971816":{"city":"Chitila","mean":{"CO":[0,0],"NO2":[0,0],"PM1":[11.067,1],"PM10":[16.7055,1],"PM2.5":[15.414,1],"SO2":[0,0]}},"44.474045,26.065306":{"city":"Bucharest","mean":{"CO":[549.25313772222,1],"NO2":[240.84678912,1],"PM1":[8.3333333333333,1],"PM10":[12.333333333333,1],"PM2.5":[11.333333333333,1],"SO2":[8.7342876666667,1]}},"44.491278,26.090444":{"city":"Bucharest","mean":{"CO":[0,0],"NO2":[0,0],"PM1":[13.062,2],"PM10":[38.388,2],"PM2.5":[31.878,2],"SO2":[0,0]}},"44.505680,26.084160":{"city":"Bucharest","mean":{"CO":[662.05456164545,1],"NO2":[37.6323108,1],"PM1":[9.5454545454545,1],"PM10":[13.636363636364,1],"PM2.5":[12.545454545455,1],"SO2":[0,0]}},"44.566055,27.365187":{"city":"Slobozia","mean":{"CO":[0,0],"NO2":[6.9,1],"PM1":[0,0],"PM10":[11.0,1],"PM2.5":[0,0],"SO2":[3.2,1]}},"44.616667,26.100000":{"city":"Balotești","mean":{"CO":[0,0],"NO2":[4.9,1],"PM1":[0,0],"PM10":[11.0,1],"PM2.5":[31.0,1],"SO2":[2.1,1]}},"44.723943,26.650165":{"city":"Urziceni","mean":{"CO":[0,0],"NO2":[8.2,1],"PM1":[0,0],"PM10":[5.0,1],"PM2.5":[0,0],"SO2":[2.0,1]}},"44.766667,24.966667":{"city":"Oarja","mean":{"CO":[0,0],"NO2":[8.5,1],"PM1":[0,0],"PM10":[11.0,1],"PM2.5":[0,0],"SO2":[4.5,1]}},"44.861174,24.867375":{"city":"Pitești","mean":{"CO":[0,0],"NO2":[5.9,1],"PM1":[0,0],"PM10":[14.0,1],"PM2.5":[0,0],"SO2":[3.9,1]}},"44.862400,25.009900":{"city":"Radu Negru","mean":{"CO":[0,0],"NO2":[3.9,1],"PM1":[0,0],"PM10":[16.0,1],"PM2.5":[0,0],"SO2":[3.1,1]}},"44.879886,24.838500":{"city":"Pitești","mean":{"CO":[0,0],"NO2":[2.9,1],"PM1":[0,0],"PM10":[24.0,1],"PM2.5":[0,0],"SO2":[0,0]}},"44.916523,25.477572":{"city":"Târgoviște","mean":{"CO":[0,0],"NO2":[9.6,1],"PM1":[0,0],"PM10":[14.0,1],"PM2.5":[0,0],"SO2":[4.3,1]}},"44.933333,26.033333":{"city":"Ploiești","mean":{"CO":[0,0],"NO2":[6.8,1],"PM1":[0,0],"PM10":[11.0,1],"PM2.5":[0,0],"SO2":[2.7,1]}},"44.939165,26.024902":{"city":"Ploiești","mean":{"CO":[0,0],"NO2":[7.1,1],"PM1":[0,0],"PM10":[16.0,1],"PM2.5":[0,0],